id_proyecto,region,tipo_via,estado,contrato_soles,avance_pct,cpi,spi,_ingested_at,_source
PRY-0001,Tacna,Trocha,en ejecucion,12353072.32,63.4,1.019,0.986,20260405_211439,sqlserver_indumaq
PRY-0002,arequipa,Regional,en ejecucion,11651181.42,95.5,0.97,1.055,20260405_211439,sqlserver_indumaq
PRY-0003,,Bypass,Planificado,10329477.06,26.0,0.948,0.91,20260405_211439,sqlserver_indumaq
PRY-0004,Arequipa,??,NULL,5137591.4,15.4,1.088,1.116,20260405_211439,sqlserver_indumaq
PRY-0005,Moquegua,Regional,NULL,3348539.38,31.2,0.882,0.896,20260405_211439,sqlserver_indumaq
PRY-0006,Moquegua,Carretera Nacional,NULL,10237151.6,25.8,0.98,0.825,20260405_211439,sqlserver_indumaq
PRY-0007,Moquegua,??,En ejecución,12723112.8,75.7,0.873,0.758,20260405_211439,sqlserver_indumaq
PRY-0008,arequipa,Carretera Nacional,En ejecución,735665.44,73.3,0.888,0.97,20260405_211439,sqlserver_indumaq
PRY-0009,Puno,Carretera Nacional,En ejecución,9820648.94,67.0,0.759,1.007,20260405_211439,sqlserver_indumaq
PRY-0010,Moquegua,Carretera Nacional,Concluido,6921658.86,999.0,1.014,0.953,20260405_211439,sqlserver_indumaq
PRY-0011,,Carretera Nacional,en ejecucion,13522272.45,86.2,0.927,0.864,20260405_211439,sqlserver_indumaq
PRY-0012,Cusco,Regional,en ejecucion,5161357.5,95.7,0.898,1.014,20260405_211439,sqlserver_indumaq
PRY-0013,Tacna,Carretera Nacional,Paralizado,7375679.78,53.2,1.068,0.791,20260405_211439,sqlserver_indumaq
PRY-0014,arequipa,Puente,Paralizado,7964123.01,64.9,1.218,0.915,20260405_211439,sqlserver_indumaq
PRY-0015,AREQUIPA,Regional,Concluido,2536373.06,50.1,1.094,0.855,20260405_211439,sqlserver_indumaq
PRY-0016,Arequipa,Bypass,Concluido,10836938.39,28.4,0.877,1.131,20260405_211439,sqlserver_indumaq
PRY-0017,Arequipa,Regional,en ejecucion,12541907.0,28.6,0.808,0.971,20260405_211439,sqlserver_indumaq
PRY-0018,Tacna,Trocha,NULL,1339684.51,31.3,0.817,1.089,20260405_211439,sqlserver_indumaq
PRY-0019,Cusco,Bypass,Paralizado,4725137.9,19.1,0.803,0.916,20260405_211439,sqlserver_indumaq
PRY-0020,Puno,Carretera Nacional,NULL,1051647.88,90.2,1.355,0.892,20260405_211439,sqlserver_indumaq
PRY-0021,AREQUIPA,Carretera Nacional,Planificado,14369889.52,85.8,0.772,1.001,20260405_211439,sqlserver_indumaq
PRY-0022,arequipa,Trocha,En ejecución,10173947.9,46.2,0.922,1.047,20260405_211439,sqlserver_indumaq
PRY-0023,arequipa,??,en ejecucion,14480906.08,36.7,0.694,1.104,20260405_211439,sqlserver_indumaq
PRY-0024,AREQUIPA,Carretera Nacional,Planificado,8206667.04,93.9,0.955,1.063,20260405_211439,sqlserver_indumaq
PRY-0025,Arequipa,Bypass,Concluido,12129993.6,22.2,1.172,1.127,20260405_211439,sqlserver_indumaq
PRY-0026,Puno,Bypass,En ejecución,5929002.77,55.4,0.848,1.076,20260405_211439,sqlserver_indumaq
PRY-0027,,Bypass,Concluido,5630375.97,5.4,1.193,1.006,20260405_211439,sqlserver_indumaq
PRY-0028,Puno,Regional,Paralizado,5984883.35,19.1,0.704,1.202,20260405_211439,sqlserver_indumaq
PRY-0029,,Regional,NULL,10039000.94,60.4,0.871,0.85,20260405_211439,sqlserver_indumaq
PRY-0030,Arequipa,Bypass,Planificado,5712070.69,66.2,1.178,1.089,20260405_211439,sqlserver_indumaq
PRY-0031,Puno,Regional,NULL,13555328.05,999.0,0.811,0.636,20260405_211439,sqlserver_indumaq
PRY-0032,Tacna,??,En ejecución,14757485.54,999.0,0.897,0.856,20260405_211439,sqlserver_indumaq
PRY-0033,Moquegua,Regional,En ejecución,941184.47,99.3,1.058,0.852,20260405_211439,sqlserver_indumaq
PRY-0034,Arequipa,Puente,Concluido,3307537.71,76.4,1.025,0.803,20260405_211439,sqlserver_indumaq
PRY-0035,Moquegua,??,NULL,2127624.89,46.5,1.108,0.911,20260405_211439,sqlserver_indumaq
PRY-0036,,Regional,en ejecucion,1114278.68,83.4,0.848,0.883,20260405_211439,sqlserver_indumaq
PRY-0037,AREQUIPA,Puente,Planificado,3802244.4,12.0,1.147,0.834,20260405_211439,sqlserver_indumaq
PRY-0038,arequipa,??,En ejecución,6978503.15,999.0,1.026,0.904,20260405_211439,sqlserver_indumaq
PRY-0039,arequipa,Puente,En ejecución,12636360.3,51.8,1.176,0.844,20260405_211439,sqlserver_indumaq
PRY-0040,Arequipa,Regional,NULL,3716448.44,17.8,0.869,0.834,20260405_211439,sqlserver_indumaq
PRY-0041,Cusco,Regional,Paralizado,7662206.21,97.3,0.829,0.85,20260405_211439,sqlserver_indumaq
PRY-0042,Moquegua,Regional,Planificado,13979471.72,33.8,0.923,0.785,20260405_211439,sqlserver_indumaq
PRY-0043,Arequipa,Carretera Nacional,Planificado,10174613.25,61.5,0.666,0.983,20260405_211439,sqlserver_indumaq
PRY-0044,Puno,Puente,En ejecución,12072145.79,87.9,1.264,0.848,20260405_211439,sqlserver_indumaq
PRY-0045,Moquegua,Carretera Nacional,NULL,8489412.57,50.7,1.02,0.831,20260405_211439,sqlserver_indumaq
PRY-0046,,Bypass,Planificado,14716763.65,11.5,0.906,0.889,20260405_211439,sqlserver_indumaq
PRY-0047,Moquegua,Regional,Planificado,9035601.24,81.9,0.885,0.784,20260405_211439,sqlserver_indumaq
PRY-0048,Moquegua,Bypass,En ejecución,-999.0,35.3,0.933,0.973,20260405_211439,sqlserver_indumaq
PRY-0049,AREQUIPA,??,En ejecución,3370750.6,98.3,0.767,1.137,20260405_211439,sqlserver_indumaq
PRY-0050,arequipa,Carretera Nacional,Concluido,6369217.62,999.0,0.665,0.844,20260405_211439,sqlserver_indumaq
PRY-0051,Arequipa,Puente,NULL,9218519.0,85.3,0.998,0.856,20260405_211439,sqlserver_indumaq
PRY-0052,Puno,Trocha,Concluido,11692997.58,35.6,1.008,1.062,20260405_211439,sqlserver_indumaq
PRY-0053,Puno,Regional,NULL,6489748.83,75.7,1.021,0.9,20260405_211439,sqlserver_indumaq
PRY-0054,Puno,Bypass,Concluido,10795845.42,98.6,0.887,0.923,20260405_211439,sqlserver_indumaq
PRY-0055,arequipa,Bypass,Concluido,11953107.8,52.6,0.835,0.872,20260405_211439,sqlserver_indumaq
PRY-0056,Arequipa,Bypass,Planificado,5100272.86,47.1,0.767,0.988,20260405_211439,sqlserver_indumaq
PRY-0057,arequipa,Carretera Nacional,Paralizado,14699418.48,1.5,1.029,0.787,20260405_211439,sqlserver_indumaq
PRY-0058,Cusco,Carretera Nacional,En ejecución,9920019.18,70.0,0.984,1.042,20260405_211439,sqlserver_indumaq
PRY-0059,Tacna,Trocha,En ejecución,-999.0,85.8,1.133,1.039,20260405_211439,sqlserver_indumaq
PRY-0060,arequipa,??,en ejecucion,8561096.49,24.7,0.946,0.956,20260405_211439,sqlserver_indumaq
PRY-0061,Moquegua,Carretera Nacional,Paralizado,11253245.05,31.5,1.042,1.037,20260405_211439,sqlserver_indumaq
PRY-0062,AREQUIPA,Puente,NULL,-999.0,50.1,1.115,0.867,20260405_211439,sqlserver_indumaq
PRY-0063,Moquegua,Puente,Paralizado,13669601.5,7.2,1.082,0.913,20260405_211439,sqlserver_indumaq
PRY-0064,Cusco,Bypass,En ejecución,2680071.47,9.0,0.847,1.003,20260405_211439,sqlserver_indumaq
PRY-0065,arequipa,Regional,Paralizado,-999.0,42.1,0.823,0.897,20260405_211439,sqlserver_indumaq
PRY-0066,Tacna,Bypass,NULL,6711488.44,26.1,1.193,1.012,20260405_211439,sqlserver_indumaq
PRY-0067,Cusco,Puente,en ejecucion,13885805.81,40.6,0.853,0.875,20260405_211439,sqlserver_indumaq
PRY-0068,Arequipa,Puente,Planificado,2023873.07,45.4,1.065,1.048,20260405_211439,sqlserver_indumaq
PRY-0069,Arequipa,Puente,NULL,14747321.39,97.6,1.345,0.949,20260405_211439,sqlserver_indumaq
PRY-0070,Tacna,Bypass,Concluido,13194044.2,94.4,0.822,1.034,20260405_211439,sqlserver_indumaq
PRY-0071,,Trocha,en ejecucion,1570481.08,14.0,1.006,0.819,20260405_211439,sqlserver_indumaq
PRY-0072,,Regional,NULL,-999.0,88.3,0.963,0.855,20260405_211439,sqlserver_indumaq
PRY-0073,AREQUIPA,Trocha,NULL,10904612.75,999.0,0.874,1.174,20260405_211439,sqlserver_indumaq
PRY-0074,Arequipa,Trocha,Concluido,11203197.41,50.8,0.838,0.97,20260405_211439,sqlserver_indumaq
PRY-0075,Tacna,Regional,En ejecución,13644164.82,16.4,0.802,0.843,20260405_211439,sqlserver_indumaq
PRY-0076,Puno,Puente,Planificado,12098048.82,36.6,1.07,0.994,20260405_211439,sqlserver_indumaq
PRY-0077,arequipa,Puente,en ejecucion,5008490.51,74.3,0.896,0.64,20260405_211439,sqlserver_indumaq
PRY-0078,Tacna,Bypass,Paralizado,7727304.4,42.5,1.08,1.093,20260405_211439,sqlserver_indumaq
PRY-0079,Puno,Bypass,Planificado,10675893.56,80.7,1.129,0.961,20260405_211439,sqlserver_indumaq
PRY-0080,Cusco,Trocha,en ejecucion,2507334.2,71.9,1.003,0.759,20260405_211439,sqlserver_indumaq
PRY-0081,Cusco,Regional,Planificado,3312866.57,94.3,1.01,0.963,20260405_211439,sqlserver_indumaq
PRY-0082,arequipa,Regional,En ejecución,7475115.5,53.4,0.918,0.719,20260405_211439,sqlserver_indumaq
PRY-0083,Arequipa,Carretera Nacional,Paralizado,4824564.08,80.2,1.21,0.933,20260405_211439,sqlserver_indumaq
PRY-0084,Puno,Carretera Nacional,Concluido,13007109.12,32.3,1.23,0.928,20260405_211439,sqlserver_indumaq
PRY-0085,Puno,Trocha,Concluido,9001021.16,34.6,0.86,1.061,20260405_211439,sqlserver_indumaq
PRY-0086,arequipa,Bypass,NULL,5555645.37,40.1,0.787,0.738,20260405_211439,sqlserver_indumaq
PRY-0087,Puno,Puente,Concluido,12808078.87,41.1,0.857,0.967,20260405_211439,sqlserver_indumaq
PRY-0088,Puno,??,NULL,12170737.5,10.3,0.941,0.823,20260405_211439,sqlserver_indumaq
PRY-0089,Moquegua,Puente,en ejecucion,14976145.72,51.9,0.914,1.117,20260405_211439,sqlserver_indumaq
PRY-0090,AREQUIPA,Trocha,Planificado,12785961.48,9.7,0.913,0.746,20260405_211439,sqlserver_indumaq
PRY-0091,arequipa,Regional,Paralizado,6509619.75,89.0,1.158,0.985,20260405_211439,sqlserver_indumaq
PRY-0092,Moquegua,Carretera Nacional,Paralizado,2348733.79,999.0,0.848,0.887,20260405_211439,sqlserver_indumaq
PRY-0093,AREQUIPA,Bypass,NULL,12689293.17,45.0,0.899,0.856,20260405_211439,sqlserver_indumaq
PRY-0094,Cusco,Regional,en ejecucion,1366489.81,28.5,1.0,1.019,20260405_211439,sqlserver_indumaq
PRY-0095,Moquegua,Bypass,Paralizado,5578932.51,15.5,1.069,0.898,20260405_211439,sqlserver_indumaq
PRY-0096,Arequipa,Bypass,Paralizado,13836200.72,78.4,1.125,1.124,20260405_211439,sqlserver_indumaq
PRY-0097,AREQUIPA,Trocha,Planificado,14431113.86,71.5,0.878,0.915,20260405_211439,sqlserver_indumaq
PRY-0098,Moquegua,Carretera Nacional,Planificado,9788186.61,14.6,1.014,1.08,20260405_211439,sqlserver_indumaq
PRY-0099,,Carretera Nacional,NULL,10485400.6,63.3,0.985,0.978,20260405_211439,sqlserver_indumaq
PRY-0100,Tacna,??,Planificado,1115590.09,79.3,0.922,0.877,20260405_211439,sqlserver_indumaq
PRY-0101,Puno,Puente,en ejecucion,7959964.95,77.3,0.924,0.91,20260405_211439,sqlserver_indumaq
PRY-0102,Cusco,Regional,NULL,-999.0,9.2,1.013,0.921,20260405_211439,sqlserver_indumaq
PRY-0103,Tacna,??,en ejecucion,5431460.82,68.6,0.97,1.098,20260405_211439,sqlserver_indumaq
PRY-0104,Moquegua,??,en ejecucion,1494654.1,71.6,0.969,0.941,20260405_211439,sqlserver_indumaq
PRY-0105,Tacna,Regional,Paralizado,3819160.2,86.2,1.138,0.809,20260405_211439,sqlserver_indumaq
PRY-0106,AREQUIPA,??,Concluido,5690767.08,50.8,1.25,0.99,20260405_211439,sqlserver_indumaq
PRY-0107,Tacna,Carretera Nacional,Paralizado,6809558.8,46.1,0.691,0.983,20260405_211439,sqlserver_indumaq
PRY-0108,arequipa,Bypass,Planificado,9068437.52,96.5,1.049,0.889,20260405_211439,sqlserver_indumaq
PRY-0109,arequipa,Puente,Concluido,-999.0,79.7,0.744,0.854,20260405_211439,sqlserver_indumaq
PRY-0110,Tacna,??,En ejecución,5105662.16,55.9,1.045,0.693,20260405_211439,sqlserver_indumaq
PRY-0111,Moquegua,Puente,Concluido,5269829.52,33.1,0.9,0.864,20260405_211439,sqlserver_indumaq
PRY-0112,Tacna,Bypass,Planificado,785528.82,84.5,0.766,0.914,20260405_211439,sqlserver_indumaq
PRY-0113,Tacna,Puente,Planificado,1092685.47,45.5,1.081,0.973,20260405_211439,sqlserver_indumaq
PRY-0114,Tacna,Bypass,Planificado,4238414.57,9.3,1.172,1.15,20260405_211439,sqlserver_indumaq
PRY-0115,Arequipa,Puente,NULL,11233552.47,45.5,0.964,0.788,20260405_211439,sqlserver_indumaq
PRY-0116,AREQUIPA,Carretera Nacional,Planificado,9610550.54,87.2,0.996,1.043,20260405_211439,sqlserver_indumaq
PRY-0117,arequipa,??,En ejecución,11661940.8,44.8,0.926,0.777,20260405_211439,sqlserver_indumaq
PRY-0118,Tacna,Puente,NULL,11649331.83,1.4,0.925,0.884,20260405_211439,sqlserver_indumaq
PRY-0119,Moquegua,Puente,Concluido,12920228.28,61.1,1.121,1.149,20260405_211439,sqlserver_indumaq
PRY-0120,Cusco,Regional,En ejecución,-999.0,99.6,0.999,0.815,20260405_211439,sqlserver_indumaq
PRY-0121,arequipa,Puente,Paralizado,-999.0,81.7,0.916,0.949,20260405_211439,sqlserver_indumaq
PRY-0122,arequipa,??,Concluido,13532965.68,61.7,1.082,0.982,20260405_211439,sqlserver_indumaq
PRY-0123,,??,Paralizado,9007398.91,91.4,1.151,0.626,20260405_211439,sqlserver_indumaq
PRY-0124,,Bypass,Paralizado,9028286.22,81.4,0.988,1.021,20260405_211439,sqlserver_indumaq
PRY-0125,,Carretera Nacional,NULL,996872.09,49.9,1.076,0.923,20260405_211439,sqlserver_indumaq
PRY-0126,Arequipa,Puente,Paralizado,14978635.38,59.1,0.702,0.814,20260405_211439,sqlserver_indumaq
PRY-0127,Puno,Carretera Nacional,NULL,2407851.96,73.1,0.936,0.963,20260405_211439,sqlserver_indumaq
PRY-0128,,Carretera Nacional,Planificado,-999.0,84.6,0.755,0.793,20260405_211439,sqlserver_indumaq
PRY-0129,Puno,Puente,Concluido,12404720.33,5.8,0.928,0.834,20260405_211439,sqlserver_indumaq
PRY-0130,Moquegua,Regional,en ejecucion,5909290.67,77.5,0.757,0.74,20260405_211439,sqlserver_indumaq
PRY-0131,Arequipa,Trocha,Concluido,3354354.79,44.8,0.757,0.951,20260405_211439,sqlserver_indumaq
PRY-0132,arequipa,Puente,Planificado,1932018.36,66.1,0.652,0.912,20260405_211439,sqlserver_indumaq
PRY-0133,,Trocha,Concluido,11354787.08,76.5,0.866,0.993,20260405_211439,sqlserver_indumaq
PRY-0134,AREQUIPA,Puente,NULL,7063476.17,54.0,0.891,1.004,20260405_211439,sqlserver_indumaq
PRY-0135,Arequipa,Carretera Nacional,Planificado,10848907.51,15.9,0.811,0.94,20260405_211439,sqlserver_indumaq
PRY-0136,Puno,Puente,Concluido,13773410.91,41.0,0.83,0.85,20260405_211439,sqlserver_indumaq
PRY-0137,Cusco,Trocha,Concluido,2625464.17,7.7,1.086,0.876,20260405_211439,sqlserver_indumaq
PRY-0138,Tacna,Carretera Nacional,NULL,13827979.51,68.9,1.097,0.892,20260405_211439,sqlserver_indumaq
PRY-0139,Cusco,Puente,Paralizado,6468583.66,95.4,0.825,0.85,20260405_211439,sqlserver_indumaq
PRY-0140,Arequipa,Regional,En ejecución,4926371.64,999.0,0.976,1.008,20260405_211439,sqlserver_indumaq
PRY-0141,,Bypass,Concluido,14174402.78,39.0,0.831,1.342,20260405_211439,sqlserver_indumaq
PRY-0142,Moquegua,Puente,en ejecucion,14864449.54,58.4,0.969,0.943,20260405_211439,sqlserver_indumaq
PRY-0143,Cusco,Regional,En ejecución,3383937.16,30.4,1.029,0.925,20260405_211439,sqlserver_indumaq
PRY-0144,Cusco,Trocha,en ejecucion,-999.0,54.1,0.733,0.751,20260405_211439,sqlserver_indumaq
PRY-0145,,??,NULL,2044182.05,30.1,0.976,0.904,20260405_211439,sqlserver_indumaq
PRY-0146,Arequipa,Regional,Concluido,9938253.06,73.8,1.001,1.047,20260405_211439,sqlserver_indumaq
PRY-0147,arequipa,Bypass,Planificado,12496041.8,25.9,1.113,0.929,20260405_211439,sqlserver_indumaq
PRY-0148,,Regional,NULL,10425228.92,96.4,1.231,1.039,20260405_211439,sqlserver_indumaq
PRY-0149,Puno,??,Concluido,6551330.56,66.2,1.102,0.721,20260405_211439,sqlserver_indumaq
PRY-0150,arequipa,Puente,Paralizado,6054462.21,6.9,0.992,0.86,20260405_211439,sqlserver_indumaq
PRY-0151,Arequipa,Regional,Planificado,6200275.02,1.1,1.14,0.901,20260405_211439,sqlserver_indumaq
PRY-0152,Cusco,Puente,en ejecucion,9050821.36,99.7,0.878,0.867,20260405_211439,sqlserver_indumaq
PRY-0153,Cusco,Trocha,Concluido,13282725.42,22.1,0.752,1.097,20260405_211439,sqlserver_indumaq
PRY-0154,Moquegua,Bypass,NULL,-999.0,31.3,1.105,0.999,20260405_211439,sqlserver_indumaq
PRY-0155,Cusco,??,NULL,1276179.49,20.8,1.052,1.121,20260405_211439,sqlserver_indumaq
PRY-0156,arequipa,Regional,Concluido,3133524.72,92.8,1.206,0.96,20260405_211439,sqlserver_indumaq
PRY-0157,arequipa,Bypass,Planificado,2127252.58,65.2,0.877,0.964,20260405_211439,sqlserver_indumaq
PRY-0158,Moquegua,Regional,Concluido,3303352.29,50.4,0.7,0.792,20260405_211439,sqlserver_indumaq
PRY-0159,Cusco,Bypass,En ejecución,5525813.25,55.8,0.825,0.898,20260405_211439,sqlserver_indumaq
PRY-0160,Puno,Regional,en ejecucion,7844709.4,31.8,1.004,0.973,20260405_211439,sqlserver_indumaq
PRY-0161,Cusco,Trocha,Concluido,9627187.79,61.4,0.661,1.019,20260405_211439,sqlserver_indumaq
PRY-0162,AREQUIPA,??,Concluido,11116062.18,42.0,0.715,0.832,20260405_211439,sqlserver_indumaq
PRY-0163,Moquegua,??,Planificado,13406617.35,19.9,1.16,0.859,20260405_211439,sqlserver_indumaq
PRY-0164,AREQUIPA,Trocha,Paralizado,14841782.34,65.7,1.359,1.018,20260405_211439,sqlserver_indumaq
PRY-0165,Moquegua,Puente,NULL,10111418.94,37.4,1.145,1.066,20260405_211439,sqlserver_indumaq
PRY-0166,Moquegua,Regional,en ejecucion,12757785.52,78.5,0.852,0.756,20260405_211439,sqlserver_indumaq
PRY-0167,Cusco,Trocha,En ejecución,11781563.28,41.5,1.085,1.128,20260405_211439,sqlserver_indumaq
PRY-0168,AREQUIPA,Trocha,NULL,4959214.57,50.8,0.923,0.768,20260405_211439,sqlserver_indumaq
PRY-0169,Moquegua,Bypass,En ejecución,13197537.92,78.7,0.83,1.116,20260405_211439,sqlserver_indumaq
PRY-0170,Tacna,Trocha,Planificado,1120065.5,44.8,0.869,0.928,20260405_211439,sqlserver_indumaq
PRY-0171,Puno,Trocha,En ejecución,505326.48,96.6,1.162,1.113,20260405_211439,sqlserver_indumaq
PRY-0172,Cusco,Puente,Paralizado,4469123.13,999.0,0.834,1.111,20260405_211439,sqlserver_indumaq
PRY-0173,Moquegua,Carretera Nacional,Concluido,7200414.18,999.0,0.822,0.876,20260405_211439,sqlserver_indumaq
PRY-0174,AREQUIPA,??,en ejecucion,9756261.98,95.4,0.836,0.924,20260405_211439,sqlserver_indumaq
PRY-0175,Puno,Bypass,NULL,-999.0,38.9,1.149,0.886,20260405_211439,sqlserver_indumaq
PRY-0176,Cusco,Trocha,Concluido,10258646.94,58.0,0.879,0.91,20260405_211439,sqlserver_indumaq
PRY-0177,Puno,Carretera Nacional,Planificado,12126330.07,69.4,1.131,1.068,20260405_211439,sqlserver_indumaq
PRY-0178,Tacna,Carretera Nacional,Concluido,3187037.33,67.3,1.277,0.905,20260405_211439,sqlserver_indumaq
PRY-0179,Cusco,Trocha,Paralizado,6519316.2,95.3,1.03,1.131,20260405_211439,sqlserver_indumaq
PRY-0180,AREQUIPA,Puente,En ejecución,8039782.35,28.8,1.056,1.041,20260405_211439,sqlserver_indumaq
PRY-0181,Moquegua,??,NULL,7051201.76,29.1,0.938,0.858,20260405_211439,sqlserver_indumaq
PRY-0182,Arequipa,??,en ejecucion,12097534.0,91.8,0.768,0.836,20260405_211439,sqlserver_indumaq
PRY-0183,Moquegua,??,Paralizado,14427574.77,79.9,1.009,0.964,20260405_211439,sqlserver_indumaq
PRY-0184,Cusco,Regional,NULL,12084820.88,20.3,0.94,0.896,20260405_211439,sqlserver_indumaq
PRY-0185,Moquegua,??,Planificado,1630895.86,57.0,0.737,0.988,20260405_211439,sqlserver_indumaq
PRY-0186,Arequipa,Puente,en ejecucion,12171565.8,74.6,0.814,0.726,20260405_211439,sqlserver_indumaq
PRY-0187,Arequipa,Trocha,Concluido,1465646.82,35.3,1.121,0.772,20260405_211439,sqlserver_indumaq
PRY-0188,AREQUIPA,Bypass,Planificado,-999.0,43.4,0.814,0.788,20260405_211439,sqlserver_indumaq
PRY-0189,Arequipa,Regional,Concluido,2719905.0,57.5,1.006,1.047,20260405_211439,sqlserver_indumaq
PRY-0190,AREQUIPA,Regional,Paralizado,3364027.05,46.7,0.904,0.731,20260405_211439,sqlserver_indumaq
PRY-0191,Moquegua,Trocha,NULL,8160569.34,75.3,1.012,1.06,20260405_211439,sqlserver_indumaq
PRY-0192,AREQUIPA,Trocha,Paralizado,10239502.94,999.0,0.962,0.841,20260405_211439,sqlserver_indumaq
PRY-0193,Cusco,Bypass,Planificado,7319658.59,43.5,0.905,0.898,20260405_211439,sqlserver_indumaq
PRY-0194,Moquegua,??,En ejecución,14415586.77,33.8,0.512,0.855,20260405_211439,sqlserver_indumaq
PRY-0195,Arequipa,Puente,Planificado,3984238.64,60.9,1.002,1.05,20260405_211439,sqlserver_indumaq
PRY-0196,Tacna,Bypass,En ejecución,11565533.34,77.6,1.096,1.127,20260405_211439,sqlserver_indumaq
PRY-0197,Arequipa,??,Planificado,13117641.59,7.6,0.937,0.911,20260405_211439,sqlserver_indumaq
PRY-0198,,Trocha,Planificado,8649958.61,15.8,1.182,0.809,20260405_211439,sqlserver_indumaq
PRY-0199,AREQUIPA,Bypass,en ejecucion,7115226.28,999.0,1.144,1.05,20260405_211439,sqlserver_indumaq
PRY-0200,Arequipa,??,En ejecución,9144674.48,73.8,1.072,0.757,20260405_211439,sqlserver_indumaq
PRY-0201,,Trocha,En ejecución,6717741.67,58.8,0.91,0.975,20260405_211439,sqlserver_indumaq
PRY-0202,Cusco,Regional,NULL,8550311.29,98.3,0.834,0.831,20260405_211439,sqlserver_indumaq
PRY-0203,Moquegua,Bypass,Paralizado,6545542.31,49.9,0.926,0.72,20260405_211439,sqlserver_indumaq
PRY-0204,AREQUIPA,Carretera Nacional,Concluido,6306810.8,13.6,0.86,0.896,20260405_211439,sqlserver_indumaq
PRY-0205,Cusco,Regional,Paralizado,10582523.79,68.6,1.059,0.84,20260405_211439,sqlserver_indumaq
PRY-0206,Moquegua,Carretera Nacional,En ejecución,1846342.59,60.2,0.921,1.001,20260405_211439,sqlserver_indumaq
PRY-0207,,Trocha,en ejecucion,2914860.05,59.0,1.211,0.927,20260405_211439,sqlserver_indumaq
PRY-0208,Arequipa,Carretera Nacional,En ejecución,-999.0,54.6,1.035,1.067,20260405_211439,sqlserver_indumaq
PRY-0209,Arequipa,Puente,NULL,11680621.53,93.9,0.928,0.808,20260405_211439,sqlserver_indumaq
PRY-0210,Arequipa,??,Concluido,4581079.05,12.9,1.097,0.935,20260405_211439,sqlserver_indumaq
PRY-0211,Moquegua,Trocha,Concluido,5970399.52,7.3,0.75,0.893,20260405_211439,sqlserver_indumaq
PRY-0212,arequipa,Carretera Nacional,Planificado,13927384.35,15.4,0.806,0.842,20260405_211439,sqlserver_indumaq
PRY-0213,Arequipa,Trocha,en ejecucion,12362119.77,24.5,0.918,1.158,20260405_211439,sqlserver_indumaq
PRY-0214,Cusco,Puente,NULL,9408021.35,59.3,1.042,0.948,20260405_211439,sqlserver_indumaq
PRY-0215,Cusco,Carretera Nacional,Paralizado,3711607.59,61.2,0.755,1.084,20260405_211439,sqlserver_indumaq
PRY-0216,Arequipa,Carretera Nacional,en ejecucion,1141653.58,999.0,1.085,0.93,20260405_211439,sqlserver_indumaq
PRY-0217,Tacna,Regional,Planificado,6753238.78,48.9,0.95,0.893,20260405_211439,sqlserver_indumaq
PRY-0218,Moquegua,Carretera Nacional,En ejecución,10253093.52,48.2,0.81,0.92,20260405_211439,sqlserver_indumaq
PRY-0219,Tacna,??,NULL,12512967.11,45.3,0.979,0.832,20260405_211439,sqlserver_indumaq
PRY-0220,,Carretera Nacional,Concluido,12863990.58,80.4,1.054,0.913,20260405_211439,sqlserver_indumaq
PRY-0221,AREQUIPA,Trocha,En ejecución,975250.57,47.2,1.048,0.881,20260405_211439,sqlserver_indumaq
PRY-0222,Arequipa,Puente,En ejecución,4040276.99,75.8,0.794,0.997,20260405_211439,sqlserver_indumaq
PRY-0223,Tacna,Bypass,Planificado,-999.0,16.6,0.84,0.799,20260405_211439,sqlserver_indumaq
PRY-0224,Moquegua,??,Paralizado,3236617.06,53.2,1.115,0.694,20260405_211439,sqlserver_indumaq
PRY-0225,,Puente,En ejecución,12143142.99,82.4,1.23,0.786,20260405_211439,sqlserver_indumaq
PRY-0226,Moquegua,Puente,Concluido,11628253.56,17.8,1.041,1.147,20260405_211439,sqlserver_indumaq
PRY-0227,Tacna,Carretera Nacional,Concluido,7994079.09,46.5,1.007,0.874,20260405_211439,sqlserver_indumaq
PRY-0228,AREQUIPA,Bypass,Paralizado,14752433.93,60.9,0.944,1.021,20260405_211439,sqlserver_indumaq
PRY-0229,,Bypass,Paralizado,2588848.85,18.5,0.939,1.155,20260405_211439,sqlserver_indumaq
PRY-0230,Puno,Puente,Planificado,13544949.7,75.7,0.743,0.918,20260405_211439,sqlserver_indumaq
PRY-0231,,Trocha,en ejecucion,2188717.19,7.9,0.871,0.7,20260405_211439,sqlserver_indumaq
PRY-0232,Moquegua,Bypass,Concluido,2866134.73,94.6,0.735,0.987,20260405_211439,sqlserver_indumaq
PRY-0233,Arequipa,Bypass,En ejecución,10595178.4,46.8,1.095,0.947,20260405_211439,sqlserver_indumaq
PRY-0234,Arequipa,??,Planificado,2088760.53,33.6,0.924,0.788,20260405_211439,sqlserver_indumaq
PRY-0235,Arequipa,Puente,Paralizado,8704753.88,11.7,0.807,0.775,20260405_211439,sqlserver_indumaq
PRY-0236,,??,En ejecución,6593386.28,43.3,1.246,0.949,20260405_211439,sqlserver_indumaq
PRY-0237,,??,en ejecucion,11062872.5,66.0,1.127,0.865,20260405_211439,sqlserver_indumaq
PRY-0238,AREQUIPA,Regional,NULL,13559790.96,9.4,0.785,0.966,20260405_211439,sqlserver_indumaq
PRY-0239,Puno,Bypass,Paralizado,11663136.96,30.6,1.106,0.901,20260405_211439,sqlserver_indumaq
PRY-0240,Arequipa,??,en ejecucion,12820503.21,999.0,0.948,1.113,20260405_211439,sqlserver_indumaq
PRY-0241,Tacna,??,en ejecucion,977709.0,64.6,0.91,0.93,20260405_211439,sqlserver_indumaq
PRY-0242,Puno,Puente,Concluido,4997834.72,20.6,1.07,1.006,20260405_211439,sqlserver_indumaq
PRY-0243,AREQUIPA,Regional,NULL,7973779.76,16.1,0.703,0.822,20260405_211439,sqlserver_indumaq
PRY-0244,,Puente,Concluido,6531323.06,90.4,1.016,0.931,20260405_211439,sqlserver_indumaq
PRY-0245,,??,en ejecucion,3853196.82,28.7,0.885,0.805,20260405_211439,sqlserver_indumaq
PRY-0246,Moquegua,Puente,NULL,4964174.42,18.0,1.111,0.936,20260405_211439,sqlserver_indumaq
PRY-0247,Puno,Trocha,Concluido,14208749.07,100.0,0.72,0.898,20260405_211439,sqlserver_indumaq
PRY-0248,Arequipa,Carretera Nacional,NULL,4765622.76,30.9,0.827,0.779,20260405_211439,sqlserver_indumaq
PRY-0249,Arequipa,Regional,NULL,5631609.6,12.5,0.934,1.033,20260405_211439,sqlserver_indumaq
PRY-0250,Tacna,??,Paralizado,553791.72,46.2,0.65,0.687,20260405_211439,sqlserver_indumaq
PRY-0251,Moquegua,??,en ejecucion,12753625.6,43.4,0.804,0.872,20260405_211439,sqlserver_indumaq
PRY-0252,Moquegua,??,en ejecucion,2745190.2,92.7,0.749,0.931,20260405_211439,sqlserver_indumaq
PRY-0253,Puno,Carretera Nacional,Planificado,3460091.99,13.4,0.912,0.911,20260405_211439,sqlserver_indumaq
PRY-0254,AREQUIPA,Regional,Planificado,4201335.5,9.1,0.951,0.861,20260405_211439,sqlserver_indumaq
PRY-0255,,??,Planificado,13327019.82,9.3,1.19,0.911,20260405_211439,sqlserver_indumaq
PRY-0256,arequipa,Regional,Planificado,-999.0,90.4,0.868,0.857,20260405_211439,sqlserver_indumaq
PRY-0257,,??,En ejecución,12064132.23,44.9,0.813,0.845,20260405_211439,sqlserver_indumaq
PRY-0258,arequipa,Bypass,Planificado,12216715.43,15.1,0.787,0.86,20260405_211439,sqlserver_indumaq
PRY-0259,Arequipa,Trocha,Paralizado,13941798.25,59.4,1.061,0.815,20260405_211439,sqlserver_indumaq
PRY-0260,Arequipa,Trocha,En ejecución,2175639.05,53.8,0.892,0.901,20260405_211439,sqlserver_indumaq
PRY-0261,arequipa,Puente,Paralizado,3650545.1,999.0,1.001,0.829,20260405_211439,sqlserver_indumaq
PRY-0262,Puno,Carretera Nacional,Planificado,11272025.24,60.3,0.728,0.697,20260405_211439,sqlserver_indumaq
PRY-0263,Cusco,??,en ejecucion,3342010.94,34.0,1.125,0.797,20260405_211439,sqlserver_indumaq
PRY-0264,Arequipa,??,En ejecución,4651778.43,23.8,0.842,0.807,20260405_211439,sqlserver_indumaq
PRY-0265,AREQUIPA,Puente,en ejecucion,2917752.91,51.0,0.93,0.8,20260405_211439,sqlserver_indumaq
PRY-0266,arequipa,Trocha,Paralizado,3004101.95,29.2,1.02,0.954,20260405_211439,sqlserver_indumaq
PRY-0267,Moquegua,Puente,Paralizado,7482523.64,22.2,0.886,0.875,20260405_211439,sqlserver_indumaq
PRY-0268,AREQUIPA,Trocha,En ejecución,-999.0,88.0,0.981,0.911,20260405_211439,sqlserver_indumaq
PRY-0269,arequipa,Trocha,NULL,5164615.47,15.6,1.059,0.824,20260405_211439,sqlserver_indumaq
PRY-0270,,Regional,Paralizado,6685611.69,28.1,0.624,0.897,20260405_211439,sqlserver_indumaq
PRY-0271,Puno,Puente,NULL,855947.69,38.6,1.072,1.168,20260405_211439,sqlserver_indumaq
PRY-0272,Puno,Regional,En ejecución,6130830.91,27.4,0.757,1.034,20260405_211439,sqlserver_indumaq
PRY-0273,arequipa,Puente,Paralizado,1864775.32,21.1,1.211,0.968,20260405_211439,sqlserver_indumaq
PRY-0274,AREQUIPA,??,en ejecucion,7656888.7,77.1,1.015,1.048,20260405_211439,sqlserver_indumaq
PRY-0275,Tacna,Trocha,Concluido,12473203.73,32.9,1.048,0.879,20260405_211439,sqlserver_indumaq
PRY-0276,Arequipa,??,Planificado,12367121.35,11.3,0.639,0.99,20260405_211439,sqlserver_indumaq
PRY-0277,,Trocha,Planificado,1666503.48,54.1,1.025,0.937,20260405_211439,sqlserver_indumaq
PRY-0278,Arequipa,Bypass,Concluido,9217802.49,12.5,1.026,0.731,20260405_211439,sqlserver_indumaq
PRY-0279,Moquegua,Regional,Concluido,12601502.54,35.8,1.002,0.955,20260405_211439,sqlserver_indumaq
PRY-0280,Cusco,??,En ejecución,3950601.87,88.2,1.218,0.989,20260405_211439,sqlserver_indumaq
PRY-0281,arequipa,Carretera Nacional,Paralizado,11547934.42,36.9,0.858,1.017,20260405_211439,sqlserver_indumaq
PRY-0282,Moquegua,Puente,en ejecucion,13416083.02,63.3,0.988,1.163,20260405_211439,sqlserver_indumaq
PRY-0283,Cusco,??,Planificado,12188800.2,51.5,1.12,0.706,20260405_211439,sqlserver_indumaq
PRY-0284,Tacna,Carretera Nacional,Concluido,2055864.96,13.8,0.936,0.868,20260405_211439,sqlserver_indumaq
PRY-0285,AREQUIPA,Bypass,NULL,631369.99,64.9,1.04,1.015,20260405_211439,sqlserver_indumaq
PRY-0286,Moquegua,Trocha,NULL,3279999.59,85.6,0.972,1.109,20260405_211439,sqlserver_indumaq
PRY-0287,AREQUIPA,Regional,Concluido,4421921.44,9.3,0.884,0.775,20260405_211439,sqlserver_indumaq
PRY-0288,AREQUIPA,Carretera Nacional,Concluido,9434653.36,75.4,0.911,0.805,20260405_211439,sqlserver_indumaq
PRY-0289,,Regional,Paralizado,6071961.04,69.0,0.837,0.943,20260405_211439,sqlserver_indumaq
PRY-0290,,Trocha,NULL,10699401.94,86.7,0.985,1.212,20260405_211439,sqlserver_indumaq
PRY-0291,arequipa,Regional,en ejecucion,5619586.93,10.4,0.844,0.858,20260405_211439,sqlserver_indumaq
PRY-0292,Moquegua,Regional,Concluido,-999.0,30.6,1.073,0.834,20260405_211439,sqlserver_indumaq
PRY-0293,Arequipa,??,en ejecucion,5034002.73,69.4,1.153,0.888,20260405_211439,sqlserver_indumaq
PRY-0294,Moquegua,Puente,Planificado,13322701.28,2.2,0.975,0.991,20260405_211439,sqlserver_indumaq
PRY-0295,Arequipa,Carretera Nacional,En ejecución,14398718.99,73.4,0.947,0.999,20260405_211439,sqlserver_indumaq
PRY-0296,Tacna,Bypass,En ejecución,3508934.64,85.8,1.173,0.883,20260405_211439,sqlserver_indumaq
PRY-0297,Cusco,Regional,Planificado,11932791.61,45.3,0.95,0.736,20260405_211439,sqlserver_indumaq
PRY-0298,AREQUIPA,Regional,En ejecución,4463556.68,43.4,1.017,0.869,20260405_211439,sqlserver_indumaq
PRY-0299,Moquegua,??,Concluido,13363407.38,27.8,0.806,0.896,20260405_211439,sqlserver_indumaq
PRY-0300,,Bypass,NULL,2900411.39,0.5,0.788,0.944,20260405_211439,sqlserver_indumaq
PRY-0301,,Carretera Nacional,Paralizado,10156418.82,18.6,0.888,0.929,20260405_211439,sqlserver_indumaq
PRY-0302,Tacna,Trocha,En ejecución,1721063.34,98.0,1.191,0.998,20260405_211439,sqlserver_indumaq
PRY-0303,arequipa,Puente,Planificado,14621453.2,86.7,0.901,1.149,20260405_211439,sqlserver_indumaq
PRY-0304,Arequipa,Bypass,Paralizado,10659183.5,26.7,0.942,1.013,20260405_211439,sqlserver_indumaq
PRY-0305,Cusco,Regional,Planificado,12706328.22,96.4,1.068,1.03,20260405_211439,sqlserver_indumaq
PRY-0306,Moquegua,Trocha,Concluido,8716705.42,36.8,0.886,0.775,20260405_211439,sqlserver_indumaq
PRY-0307,Moquegua,Puente,Planificado,7413619.78,29.8,1.044,0.634,20260405_211439,sqlserver_indumaq
PRY-0308,Puno,Bypass,NULL,9517294.68,15.3,1.065,0.851,20260405_211439,sqlserver_indumaq
PRY-0309,arequipa,Regional,Concluido,8166751.92,999.0,0.91,0.943,20260405_211439,sqlserver_indumaq
PRY-0310,,Carretera Nacional,En ejecución,7306073.15,98.7,0.658,0.872,20260405_211439,sqlserver_indumaq
PRY-0311,Moquegua,Bypass,Paralizado,11512028.65,32.7,0.917,1.055,20260405_211439,sqlserver_indumaq
PRY-0312,AREQUIPA,Regional,en ejecucion,3083913.85,70.3,1.066,1.08,20260405_211439,sqlserver_indumaq
PRY-0313,Tacna,Trocha,NULL,2981994.7,33.5,1.036,0.866,20260405_211439,sqlserver_indumaq
PRY-0314,,Bypass,Paralizado,6761718.43,10.5,0.695,0.734,20260405_211439,sqlserver_indumaq
PRY-0315,,Puente,en ejecucion,5150844.78,39.3,0.981,1.174,20260405_211439,sqlserver_indumaq
PRY-0316,Moquegua,Carretera Nacional,En ejecución,1574805.51,55.2,1.005,1.109,20260405_211439,sqlserver_indumaq
PRY-0317,Moquegua,Bypass,Planificado,12744822.14,12.3,0.907,0.901,20260405_211439,sqlserver_indumaq
PRY-0318,arequipa,??,NULL,11688240.7,81.8,0.998,0.763,20260405_211439,sqlserver_indumaq
PRY-0319,Puno,Bypass,NULL,8386861.75,49.7,0.969,0.895,20260405_211439,sqlserver_indumaq
PRY-0320,Puno,??,Concluido,14700205.79,23.4,0.792,0.928,20260405_211439,sqlserver_indumaq
PRY-0321,Puno,Carretera Nacional,Concluido,1552700.96,59.3,0.975,0.972,20260405_211439,sqlserver_indumaq
PRY-0322,arequipa,??,Concluido,11616704.86,79.3,0.961,0.81,20260405_211439,sqlserver_indumaq
PRY-0323,Moquegua,Trocha,En ejecución,4362370.68,32.8,0.73,0.941,20260405_211439,sqlserver_indumaq
PRY-0324,AREQUIPA,Puente,En ejecución,5844684.34,70.1,0.766,0.917,20260405_211439,sqlserver_indumaq
PRY-0325,Cusco,Regional,NULL,3679551.09,42.8,1.248,0.832,20260405_211439,sqlserver_indumaq
PRY-0326,Cusco,Trocha,en ejecucion,11941049.43,96.4,0.976,0.914,20260405_211439,sqlserver_indumaq
PRY-0327,Tacna,Regional,Paralizado,2591481.48,77.1,1.202,0.764,20260405_211439,sqlserver_indumaq
PRY-0328,Moquegua,??,Paralizado,12680242.12,35.6,1.024,0.991,20260405_211439,sqlserver_indumaq
PRY-0329,arequipa,Puente,Planificado,-999.0,1.8,1.098,0.721,20260405_211439,sqlserver_indumaq
PRY-0330,Puno,Trocha,en ejecucion,1355837.06,65.8,0.901,0.834,20260405_211439,sqlserver_indumaq
PRY-0331,Cusco,Bypass,En ejecución,12259235.11,19.8,0.866,0.818,20260405_211439,sqlserver_indumaq
PRY-0332,Moquegua,Trocha,En ejecución,9602457.88,12.2,0.805,1.162,20260405_211439,sqlserver_indumaq
PRY-0333,,Regional,Concluido,13622243.63,93.2,0.847,0.908,20260405_211439,sqlserver_indumaq
PRY-0334,arequipa,Bypass,en ejecucion,11356473.44,100.0,1.122,0.899,20260405_211439,sqlserver_indumaq
PRY-0335,arequipa,Carretera Nacional,en ejecucion,8636253.45,27.0,0.766,1.108,20260405_211439,sqlserver_indumaq
PRY-0336,,Trocha,En ejecución,12629934.12,30.2,1.096,0.93,20260405_211439,sqlserver_indumaq
PRY-0337,,Trocha,en ejecucion,4531728.46,16.5,0.862,0.96,20260405_211439,sqlserver_indumaq
PRY-0338,Puno,Bypass,Concluido,8430775.9,45.8,0.812,0.819,20260405_211439,sqlserver_indumaq
PRY-0339,Tacna,Trocha,Concluido,4757443.89,86.6,0.935,0.873,20260405_211439,sqlserver_indumaq
PRY-0340,Cusco,Bypass,NULL,-999.0,70.2,1.1,1.001,20260405_211439,sqlserver_indumaq
PRY-0341,Cusco,Carretera Nacional,En ejecución,3779846.36,84.6,0.844,1.116,20260405_211439,sqlserver_indumaq
PRY-0342,Arequipa,Trocha,En ejecución,728204.48,22.8,0.786,0.927,20260405_211439,sqlserver_indumaq
PRY-0343,Puno,Regional,en ejecucion,5224895.21,73.0,1.024,0.891,20260405_211439,sqlserver_indumaq
PRY-0344,,Trocha,NULL,7786386.26,91.9,0.742,0.893,20260405_211439,sqlserver_indumaq
PRY-0345,Arequipa,Bypass,en ejecucion,911262.55,28.1,1.023,0.964,20260405_211439,sqlserver_indumaq
PRY-0346,arequipa,Bypass,NULL,8609100.35,69.1,0.916,1.001,20260405_211439,sqlserver_indumaq
PRY-0347,Tacna,Regional,NULL,13177100.24,40.1,0.954,1.014,20260405_211439,sqlserver_indumaq
PRY-0348,Arequipa,Regional,NULL,10718616.82,29.0,0.691,0.988,20260405_211439,sqlserver_indumaq
PRY-0349,Moquegua,Bypass,Paralizado,9533040.68,97.0,0.706,0.823,20260405_211439,sqlserver_indumaq
PRY-0350,Cusco,??,en ejecucion,14361445.39,34.9,0.84,1.294,20260405_211439,sqlserver_indumaq
PRY-0351,,Bypass,en ejecucion,14395050.34,10.8,0.974,1.138,20260405_211439,sqlserver_indumaq
PRY-0352,AREQUIPA,Trocha,Planificado,-999.0,38.9,1.189,0.984,20260405_211439,sqlserver_indumaq
PRY-0353,,Bypass,NULL,9312256.79,44.8,0.925,0.833,20260405_211439,sqlserver_indumaq
PRY-0354,AREQUIPA,Regional,En ejecución,7572586.11,75.2,1.144,0.904,20260405_211439,sqlserver_indumaq
PRY-0355,Arequipa,Trocha,en ejecucion,693083.64,95.0,0.864,0.939,20260405_211439,sqlserver_indumaq
PRY-0356,AREQUIPA,Bypass,Planificado,9290797.64,81.7,0.469,0.91,20260405_211439,sqlserver_indumaq
PRY-0357,Arequipa,Carretera Nacional,en ejecucion,14841777.09,93.1,0.963,0.815,20260405_211439,sqlserver_indumaq
PRY-0358,,Regional,En ejecución,12362465.23,47.5,0.942,1.059,20260405_211439,sqlserver_indumaq
PRY-0359,Puno,??,Paralizado,5438767.34,71.9,0.831,0.999,20260405_211439,sqlserver_indumaq
PRY-0360,Puno,Carretera Nacional,NULL,2704681.86,30.9,0.855,0.879,20260405_211439,sqlserver_indumaq
PRY-0361,Arequipa,Trocha,NULL,11868849.91,7.0,1.055,0.899,20260405_211439,sqlserver_indumaq
PRY-0362,Moquegua,Regional,Concluido,11287098.4,36.5,0.865,1.013,20260405_211439,sqlserver_indumaq
PRY-0363,Arequipa,Trocha,En ejecución,14522178.48,69.8,0.89,0.797,20260405_211439,sqlserver_indumaq
PRY-0364,Moquegua,Puente,En ejecución,13185214.25,27.5,1.172,0.984,20260405_211439,sqlserver_indumaq
PRY-0365,Arequipa,Regional,Planificado,8557108.07,86.1,0.845,0.97,20260405_211439,sqlserver_indumaq
PRY-0366,Tacna,Trocha,Planificado,1968621.58,79.1,1.12,0.96,20260405_211439,sqlserver_indumaq
PRY-0367,Tacna,Carretera Nacional,Planificado,7510759.55,999.0,0.859,1.064,20260405_211439,sqlserver_indumaq
PRY-0368,Arequipa,Trocha,Paralizado,5048578.28,33.1,0.752,0.772,20260405_211439,sqlserver_indumaq
PRY-0369,Puno,Bypass,Planificado,7929922.99,82.5,1.048,0.957,20260405_211439,sqlserver_indumaq
PRY-0370,Moquegua,Bypass,En ejecución,4874672.83,24.4,0.817,1.063,20260405_211439,sqlserver_indumaq
PRY-0371,arequipa,Carretera Nacional,Planificado,12996433.38,33.2,1.021,1.01,20260405_211439,sqlserver_indumaq
PRY-0372,Tacna,Trocha,en ejecucion,12742741.7,34.3,1.108,0.625,20260405_211439,sqlserver_indumaq
PRY-0373,Moquegua,Regional,en ejecucion,5074244.78,80.1,0.784,0.997,20260405_211439,sqlserver_indumaq
PRY-0374,Cusco,Carretera Nacional,Concluido,9193929.52,3.7,1.308,1.027,20260405_211439,sqlserver_indumaq
PRY-0375,AREQUIPA,Trocha,en ejecucion,6737622.44,7.4,0.872,0.471,20260405_211439,sqlserver_indumaq
PRY-0376,,Puente,Concluido,13681844.98,57.8,0.772,0.977,20260405_211439,sqlserver_indumaq
PRY-0377,Puno,Bypass,en ejecucion,3216733.07,39.7,1.274,0.903,20260405_211439,sqlserver_indumaq
PRY-0378,Puno,Carretera Nacional,Paralizado,10617061.83,63.3,1.051,0.97,20260405_211439,sqlserver_indumaq
PRY-0379,Cusco,Trocha,Concluido,-999.0,26.6,1.022,0.964,20260405_211439,sqlserver_indumaq
PRY-0380,Puno,Puente,en ejecucion,-999.0,91.0,0.946,0.853,20260405_211439,sqlserver_indumaq
PRY-0381,,Bypass,Concluido,3428513.21,76.1,0.97,1.001,20260405_211439,sqlserver_indumaq
PRY-0382,Tacna,Puente,NULL,10558988.41,6.8,0.894,1.14,20260405_211439,sqlserver_indumaq
PRY-0383,,??,Concluido,11797731.91,78.4,0.924,0.823,20260405_211439,sqlserver_indumaq
PRY-0384,Cusco,Carretera Nacional,en ejecucion,7612961.29,97.0,0.991,0.805,20260405_211439,sqlserver_indumaq
PRY-0385,,Trocha,En ejecución,9340453.74,94.2,1.052,0.755,20260405_211439,sqlserver_indumaq
PRY-0386,,Puente,Planificado,-999.0,73.5,0.839,1.02,20260405_211439,sqlserver_indumaq
PRY-0387,Tacna,Puente,Concluido,7410906.31,12.4,0.987,0.679,20260405_211439,sqlserver_indumaq
PRY-0388,Tacna,Puente,NULL,2125042.27,57.6,0.949,0.929,20260405_211439,sqlserver_indumaq
PRY-0389,,Regional,Concluido,5160617.92,28.4,1.062,0.742,20260405_211439,sqlserver_indumaq
PRY-0390,,Puente,Concluido,4629305.72,97.0,0.973,0.937,20260405_211439,sqlserver_indumaq
PRY-0391,Cusco,Trocha,Planificado,6947067.72,71.7,0.832,1.006,20260405_211439,sqlserver_indumaq
PRY-0392,arequipa,Trocha,NULL,13986832.25,61.1,1.21,0.832,20260405_211439,sqlserver_indumaq
PRY-0393,Moquegua,Trocha,Concluido,3128381.1,69.5,0.912,0.768,20260405_211439,sqlserver_indumaq
PRY-0394,,Bypass,Concluido,6320129.58,43.8,1.13,0.861,20260405_211439,sqlserver_indumaq
PRY-0395,arequipa,Puente,en ejecucion,9426159.68,37.3,1.03,0.895,20260405_211439,sqlserver_indumaq
PRY-0396,arequipa,Carretera Nacional,En ejecución,14225077.75,93.6,1.207,1.056,20260405_211439,sqlserver_indumaq
PRY-0397,Moquegua,Bypass,NULL,2430648.78,33.2,1.004,0.972,20260405_211439,sqlserver_indumaq
PRY-0398,AREQUIPA,??,Paralizado,13809210.95,4.1,0.855,0.852,20260405_211439,sqlserver_indumaq
PRY-0399,AREQUIPA,Regional,Paralizado,1675279.94,40.1,0.852,0.99,20260405_211439,sqlserver_indumaq
PRY-0400,Puno,Trocha,NULL,7470750.26,79.0,1.002,0.727,20260405_211439,sqlserver_indumaq
PRY-0401,AREQUIPA,Regional,Planificado,7091553.07,64.8,0.663,0.978,20260405_211439,sqlserver_indumaq
PRY-0402,arequipa,Bypass,NULL,3539239.57,96.2,1.058,0.943,20260405_211439,sqlserver_indumaq
PRY-0403,Cusco,Regional,NULL,5538165.19,10.6,0.6,0.857,20260405_211439,sqlserver_indumaq
PRY-0404,Tacna,Bypass,Paralizado,7085396.39,91.2,0.764,0.825,20260405_211439,sqlserver_indumaq
PRY-0405,Moquegua,??,En ejecución,13045566.21,36.9,1.153,0.949,20260405_211439,sqlserver_indumaq
PRY-0406,Moquegua,Regional,Paralizado,14348430.11,47.4,0.904,0.968,20260405_211439,sqlserver_indumaq
PRY-0407,Puno,Trocha,En ejecución,8024422.34,42.8,0.919,1.131,20260405_211439,sqlserver_indumaq
PRY-0408,Puno,??,En ejecución,13116446.96,11.6,0.905,0.887,20260405_211439,sqlserver_indumaq
PRY-0409,,Puente,en ejecucion,9318487.99,24.8,1.078,0.726,20260405_211439,sqlserver_indumaq
PRY-0410,AREQUIPA,Trocha,Paralizado,5561766.46,74.2,1.147,0.734,20260405_211439,sqlserver_indumaq
PRY-0411,,??,Concluido,3315816.01,2.3,0.763,0.939,20260405_211439,sqlserver_indumaq
PRY-0412,Puno,Trocha,NULL,6490454.19,13.4,0.986,0.784,20260405_211439,sqlserver_indumaq
PRY-0413,Puno,Trocha,Planificado,8080952.1,2.5,0.887,1.022,20260405_211439,sqlserver_indumaq
PRY-0414,Cusco,Puente,Concluido,1144429.13,85.7,1.002,0.767,20260405_211439,sqlserver_indumaq
PRY-0415,Arequipa,Trocha,Paralizado,2614696.91,61.7,0.997,1.058,20260405_211439,sqlserver_indumaq
PRY-0416,Moquegua,Bypass,Paralizado,9202674.15,17.0,0.891,0.893,20260405_211439,sqlserver_indumaq
PRY-0417,Puno,??,Concluido,3762523.12,76.9,0.732,0.865,20260405_211439,sqlserver_indumaq
PRY-0418,Tacna,Regional,en ejecucion,12641232.45,96.7,0.798,0.98,20260405_211439,sqlserver_indumaq
PRY-0419,Moquegua,Puente,Paralizado,5240662.62,93.5,0.809,1.123,20260405_211439,sqlserver_indumaq
PRY-0420,Puno,Carretera Nacional,en ejecucion,2020096.01,999.0,0.772,1.012,20260405_211439,sqlserver_indumaq
PRY-0421,Puno,??,NULL,1711193.53,0.8,1.142,0.808,20260405_211439,sqlserver_indumaq
PRY-0422,Cusco,Bypass,NULL,14088283.8,58.9,0.794,0.935,20260405_211439,sqlserver_indumaq
PRY-0423,Arequipa,??,Planificado,2211294.51,25.7,0.835,0.59,20260405_211439,sqlserver_indumaq
PRY-0424,AREQUIPA,Puente,Paralizado,2543191.58,999.0,0.78,0.946,20260405_211439,sqlserver_indumaq
PRY-0425,arequipa,Regional,Concluido,13008657.84,31.8,0.969,1.03,20260405_211439,sqlserver_indumaq
PRY-0426,Arequipa,Puente,en ejecucion,4187177.89,15.4,0.963,0.718,20260405_211439,sqlserver_indumaq
PRY-0427,Cusco,Bypass,Planificado,10156295.46,44.4,0.822,0.795,20260405_211439,sqlserver_indumaq
PRY-0428,Tacna,Bypass,En ejecución,12342522.46,49.5,0.987,0.841,20260405_211439,sqlserver_indumaq
PRY-0429,AREQUIPA,??,Planificado,9304119.28,99.0,1.277,0.829,20260405_211439,sqlserver_indumaq
PRY-0430,Arequipa,Carretera Nacional,en ejecucion,14383583.88,4.2,1.056,1.013,20260405_211439,sqlserver_indumaq
PRY-0431,Tacna,Trocha,Paralizado,-999.0,999.0,1.089,1.089,20260405_211439,sqlserver_indumaq
PRY-0432,arequipa,Regional,Paralizado,2134896.89,85.2,0.871,0.9,20260405_211439,sqlserver_indumaq
PRY-0433,Moquegua,??,En ejecución,8596945.38,66.0,1.007,0.984,20260405_211439,sqlserver_indumaq
PRY-0434,Moquegua,Bypass,en ejecucion,10913704.63,82.7,1.163,0.869,20260405_211439,sqlserver_indumaq
PRY-0435,Arequipa,Bypass,Paralizado,12128379.99,66.0,1.016,0.932,20260405_211439,sqlserver_indumaq
PRY-0436,Arequipa,Regional,Paralizado,881659.36,76.0,0.83,0.997,20260405_211439,sqlserver_indumaq
PRY-0437,Moquegua,??,en ejecucion,10923744.27,49.3,0.909,0.848,20260405_211439,sqlserver_indumaq
PRY-0438,,Bypass,Planificado,12472371.9,20.5,1.016,0.871,20260405_211439,sqlserver_indumaq
PRY-0439,Moquegua,Carretera Nacional,NULL,-999.0,81.0,1.083,0.9,20260405_211439,sqlserver_indumaq
PRY-0440,AREQUIPA,Carretera Nacional,Concluido,7929062.61,56.8,0.723,1.0,20260405_211439,sqlserver_indumaq
PRY-0441,arequipa,Trocha,Planificado,7141303.96,14.0,0.857,0.59,20260405_211439,sqlserver_indumaq
PRY-0442,Arequipa,??,en ejecucion,8466569.46,80.5,0.905,0.915,20260405_211439,sqlserver_indumaq
PRY-0443,Moquegua,??,NULL,10717333.63,95.9,1.027,1.111,20260405_211439,sqlserver_indumaq
PRY-0444,Arequipa,??,Planificado,13882257.21,34.6,1.1,0.886,20260405_211439,sqlserver_indumaq
PRY-0445,arequipa,Puente,Paralizado,9447010.55,29.4,0.797,0.952,20260405_211439,sqlserver_indumaq
PRY-0446,arequipa,Regional,NULL,13373597.44,999.0,0.999,0.999,20260405_211439,sqlserver_indumaq
PRY-0447,,Carretera Nacional,NULL,10668224.29,66.4,1.088,1.149,20260405_211439,sqlserver_indumaq
PRY-0448,Cusco,Carretera Nacional,en ejecucion,1490877.47,95.9,0.905,1.006,20260405_211439,sqlserver_indumaq
PRY-0449,Puno,Carretera Nacional,Paralizado,7762008.76,999.0,0.86,1.047,20260405_211439,sqlserver_indumaq
PRY-0450,Arequipa,Carretera Nacional,Paralizado,4654052.05,48.5,0.838,1.028,20260405_211439,sqlserver_indumaq
PRY-0451,Tacna,Trocha,Paralizado,4635036.46,9.8,1.043,1.024,20260405_211439,sqlserver_indumaq
PRY-0452,arequipa,Bypass,NULL,5660949.49,3.4,1.128,0.889,20260405_211439,sqlserver_indumaq
PRY-0453,Arequipa,??,Planificado,5063625.19,66.5,1.245,0.882,20260405_211439,sqlserver_indumaq
PRY-0454,Moquegua,Carretera Nacional,Concluido,8889844.71,86.8,1.098,0.85,20260405_211439,sqlserver_indumaq
PRY-0455,Tacna,??,En ejecución,10412221.76,33.8,0.992,1.221,20260405_211439,sqlserver_indumaq
PRY-0456,Tacna,Trocha,Concluido,4396866.11,87.6,0.807,0.831,20260405_211439,sqlserver_indumaq
PRY-0457,Puno,Puente,En ejecución,2381558.03,11.7,0.838,0.995,20260405_211439,sqlserver_indumaq
PRY-0458,Arequipa,??,en ejecucion,1352726.45,999.0,0.772,0.897,20260405_211439,sqlserver_indumaq
PRY-0459,Cusco,Bypass,Concluido,8848416.25,90.2,0.808,0.819,20260405_211439,sqlserver_indumaq
PRY-0460,AREQUIPA,Puente,NULL,3198887.41,50.9,0.916,0.917,20260405_211439,sqlserver_indumaq
PRY-0461,AREQUIPA,Bypass,En ejecución,634095.92,60.8,0.705,1.015,20260405_211439,sqlserver_indumaq
PRY-0462,Tacna,??,Paralizado,13952419.65,3.8,0.895,0.691,20260405_211439,sqlserver_indumaq
PRY-0463,Tacna,Bypass,en ejecucion,8288536.08,12.8,0.905,1.088,20260405_211439,sqlserver_indumaq
PRY-0464,Cusco,Bypass,Concluido,1840498.61,5.6,1.212,0.974,20260405_211439,sqlserver_indumaq
PRY-0465,Tacna,Trocha,Planificado,-999.0,90.5,1.159,0.957,20260405_211439,sqlserver_indumaq
PRY-0466,AREQUIPA,Regional,en ejecucion,14756439.71,13.5,0.883,0.903,20260405_211439,sqlserver_indumaq
PRY-0467,Moquegua,Puente,Paralizado,7004709.6,85.0,1.266,0.878,20260405_211439,sqlserver_indumaq
PRY-0468,Cusco,Bypass,Paralizado,1116099.32,35.1,0.989,0.937,20260405_211439,sqlserver_indumaq
PRY-0469,Moquegua,Bypass,NULL,2204416.14,80.1,1.208,1.235,20260405_211439,sqlserver_indumaq
PRY-0470,arequipa,Carretera Nacional,Paralizado,6033979.33,36.5,1.03,0.919,20260405_211439,sqlserver_indumaq
PRY-0471,Arequipa,??,En ejecución,13340078.24,26.8,0.915,1.006,20260405_211439,sqlserver_indumaq
PRY-0472,,Carretera Nacional,Concluido,2646560.85,9.4,0.833,0.954,20260405_211439,sqlserver_indumaq
PRY-0473,,Trocha,en ejecucion,12447856.36,28.1,0.874,1.028,20260405_211439,sqlserver_indumaq
PRY-0474,,Bypass,Concluido,717155.77,47.1,0.852,0.872,20260405_211439,sqlserver_indumaq
PRY-0475,Arequipa,Puente,NULL,7132136.13,81.8,0.952,1.167,20260405_211439,sqlserver_indumaq
PRY-0476,Arequipa,??,Concluido,9843758.54,45.3,0.735,0.862,20260405_211439,sqlserver_indumaq
PRY-0477,arequipa,Puente,En ejecución,1375502.49,97.1,0.851,1.004,20260405_211439,sqlserver_indumaq
PRY-0478,arequipa,Carretera Nacional,En ejecución,-999.0,54.2,0.954,1.031,20260405_211439,sqlserver_indumaq
PRY-0479,,Carretera Nacional,Paralizado,14193859.76,2.5,0.778,0.996,20260405_211439,sqlserver_indumaq
PRY-0480,Moquegua,Regional,Concluido,2823768.84,999.0,1.085,1.073,20260405_211439,sqlserver_indumaq
PRY-0481,Tacna,Bypass,NULL,11079365.05,68.9,0.933,0.896,20260405_211439,sqlserver_indumaq
PRY-0482,arequipa,Bypass,En ejecución,9331861.52,23.4,0.937,1.009,20260405_211439,sqlserver_indumaq
PRY-0483,Tacna,??,NULL,3184187.64,69.9,0.957,0.918,20260405_211439,sqlserver_indumaq
PRY-0484,,Carretera Nacional,Paralizado,589949.51,999.0,0.936,1.219,20260405_211439,sqlserver_indumaq
PRY-0485,Cusco,Carretera Nacional,en ejecucion,634624.53,2.6,1.058,0.954,20260405_211439,sqlserver_indumaq
PRY-0486,Cusco,Carretera Nacional,En ejecución,8215339.93,77.4,0.803,0.744,20260405_211439,sqlserver_indumaq
PRY-0487,Tacna,Regional,En ejecución,14170301.44,56.0,0.988,0.941,20260405_211439,sqlserver_indumaq
PRY-0488,AREQUIPA,??,en ejecucion,9842330.1,8.2,0.779,0.843,20260405_211439,sqlserver_indumaq
PRY-0489,Puno,Regional,en ejecucion,10857347.77,47.5,0.912,1.061,20260405_211439,sqlserver_indumaq
PRY-0490,Moquegua,Regional,En ejecución,7661049.56,28.7,0.733,0.755,20260405_211439,sqlserver_indumaq
PRY-0491,Moquegua,Bypass,en ejecucion,8937389.67,88.0,0.89,0.799,20260405_211439,sqlserver_indumaq
PRY-0492,Moquegua,Regional,en ejecucion,2332329.12,999.0,1.063,0.713,20260405_211439,sqlserver_indumaq
PRY-0493,Puno,Bypass,Paralizado,13213899.0,94.2,0.859,0.903,20260405_211439,sqlserver_indumaq
PRY-0494,Cusco,Carretera Nacional,En ejecución,11531493.12,54.6,1.226,0.677,20260405_211439,sqlserver_indumaq
PRY-0495,,Bypass,en ejecucion,14973884.82,32.4,0.911,0.81,20260405_211439,sqlserver_indumaq
PRY-0496,Cusco,Puente,Paralizado,4816982.74,81.4,0.838,0.887,20260405_211439,sqlserver_indumaq
PRY-0497,Moquegua,??,En ejecución,3791757.69,69.7,0.911,1.074,20260405_211439,sqlserver_indumaq
PRY-0498,AREQUIPA,Trocha,En ejecución,2314844.04,999.0,0.99,0.916,20260405_211439,sqlserver_indumaq
PRY-0499,,Carretera Nacional,En ejecución,14481041.47,63.0,1.102,0.961,20260405_211439,sqlserver_indumaq
PRY-0500,Cusco,Puente,en ejecucion,11822835.18,77.9,0.879,0.849,20260405_211439,sqlserver_indumaq
PRY-0501,Moquegua,Trocha,en ejecucion,2911706.9,85.2,1.173,1.053,20260405_211439,sqlserver_indumaq
PRY-0502,arequipa,Puente,Concluido,8513953.83,81.6,0.994,0.904,20260405_211439,sqlserver_indumaq
PRY-0503,Tacna,Trocha,Paralizado,6499639.02,16.6,0.908,1.099,20260405_211439,sqlserver_indumaq
PRY-0504,Tacna,Trocha,Concluido,2696547.11,82.8,0.632,0.811,20260405_211439,sqlserver_indumaq
PRY-0505,Cusco,Regional,NULL,2850058.28,5.9,0.82,1.044,20260405_211439,sqlserver_indumaq
PRY-0506,,Puente,Paralizado,14470314.92,20.0,0.925,0.657,20260405_211439,sqlserver_indumaq
PRY-0507,arequipa,??,Planificado,4921980.65,62.3,1.083,0.941,20260405_211439,sqlserver_indumaq
PRY-0508,Puno,Puente,Concluido,14150869.73,11.5,0.596,0.797,20260405_211439,sqlserver_indumaq
PRY-0509,AREQUIPA,Carretera Nacional,NULL,1596354.76,60.3,0.908,0.845,20260405_211439,sqlserver_indumaq
PRY-0510,Cusco,??,En ejecución,7181644.11,30.8,1.034,0.949,20260405_211439,sqlserver_indumaq
PRY-0511,,Bypass,NULL,2379476.2,42.9,1.097,0.909,20260405_211439,sqlserver_indumaq
PRY-0512,Arequipa,??,Planificado,569417.09,31.5,0.73,0.881,20260405_211439,sqlserver_indumaq
PRY-0513,AREQUIPA,??,Planificado,8529608.07,7.0,0.739,0.917,20260405_211439,sqlserver_indumaq
PRY-0514,Moquegua,??,Planificado,2151464.52,50.1,0.954,1.076,20260405_211439,sqlserver_indumaq
PRY-0515,Arequipa,Puente,Paralizado,10969355.7,96.4,0.945,1.211,20260405_211439,sqlserver_indumaq
PRY-0516,Cusco,Puente,en ejecucion,10622687.45,61.2,0.775,0.932,20260405_211439,sqlserver_indumaq
PRY-0517,Tacna,Carretera Nacional,en ejecucion,3056827.16,30.0,1.053,0.793,20260405_211439,sqlserver_indumaq
PRY-0518,Moquegua,Carretera Nacional,Planificado,14155261.08,95.6,1.053,0.801,20260405_211439,sqlserver_indumaq
PRY-0519,Cusco,Regional,en ejecucion,10955129.42,38.9,0.94,0.946,20260405_211439,sqlserver_indumaq
PRY-0520,Puno,??,NULL,4820568.83,69.8,0.991,0.801,20260405_211439,sqlserver_indumaq
PRY-0126,Arequipa,Puente,Paralizado,14978635.38,59.1,0.702,0.814,20260405_211439,sqlserver_indumaq
PRY-0107,Tacna,Carretera Nacional,Paralizado,6809558.8,46.1,0.691,0.983,20260405_211439,sqlserver_indumaq
PRY-0375,AREQUIPA,Trocha,en ejecucion,6737622.44,7.4,0.872,0.471,20260405_211439,sqlserver_indumaq
PRY-0337,,Trocha,en ejecucion,4531728.46,16.5,0.862,0.96,20260405_211439,sqlserver_indumaq
PRY-0074,Arequipa,Trocha,Concluido,11203197.41,50.8,0.838,0.97,20260405_211439,sqlserver_indumaq
PRY-0081,Cusco,Regional,Planificado,3312866.57,94.3,1.01,0.963,20260405_211439,sqlserver_indumaq
PRY-0047,Moquegua,Regional,Planificado,9035601.24,81.9,0.885,0.784,20260405_211439,sqlserver_indumaq
PRY-0424,AREQUIPA,Puente,Paralizado,2543191.58,999.0,0.78,0.946,20260405_211439,sqlserver_indumaq
PRY-0359,Puno,??,Paralizado,5438767.34,71.9,0.831,0.999,20260405_211439,sqlserver_indumaq
PRY-0050,arequipa,Carretera Nacional,Concluido,6369217.62,999.0,0.665,0.844,20260405_211439,sqlserver_indumaq
PRY-0390,,Puente,Concluido,4629305.72,97.0,0.973,0.937,20260405_211439,sqlserver_indumaq
PRY-0464,Cusco,Bypass,Concluido,1840498.61,5.6,1.212,0.974,20260405_211439,sqlserver_indumaq
PRY-0403,Cusco,Regional,NULL,5538165.19,10.6,0.6,0.857,20260405_211439,sqlserver_indumaq
PRY-0498,AREQUIPA,Trocha,En ejecución,2314844.04,999.0,0.99,0.916,20260405_211439,sqlserver_indumaq
PRY-0046,,Bypass,Planificado,14716763.65,11.5,0.906,0.889,20260405_211439,sqlserver_indumaq
PRY-0049,AREQUIPA,??,En ejecución,3370750.6,98.3,0.767,1.137,20260405_211439,sqlserver_indumaq
PRY-0330,Puno,Trocha,en ejecucion,1355837.06,65.8,0.901,0.834,20260405_211439,sqlserver_indumaq
PRY-0393,Moquegua,Trocha,Concluido,3128381.1,69.5,0.912,0.768,20260405_211439,sqlserver_indumaq
PRY-0418,Tacna,Regional,en ejecucion,12641232.45,96.7,0.798,0.98,20260405_211439,sqlserver_indumaq
PRY-0512,Arequipa,??,Planificado,569417.09,31.5,0.73,0.881,20260405_211439,sqlserver_indumaq
